model,MAE,RMSE,R2
LSTM_torch,13.85396671295166,22.173574800505076,0.9394356608390808
